"Player","Position","Pass_number","Pass_outcome"
"Jones","QB",1,"Complete"
"Jones","QB",2,"Incomplete"
"Jones","QB",3,"Complete"
"Jones","QB",4,"Incomplete"
"Jones","QB",5,"Complete"
"Jones","QB",6,"Complete"
"Jones","QB",7,"Complete"
"Jones","QB",8,"Incomplete"
"Jones","QB",9,"Incomplete"
"Jones","QB",10,"Complete"
"Jones","QB",11,"Complete"
"Jones","QB",12,"Complete"
"Jones","QB",13,"Complete"
"Jones","QB",14,"Complete"
"Jones","QB",15,"Incomplete"
"Jones","QB",16,"Incomplete"
"Jones","QB",17,"Incomplete"
"Jones","QB",18,"Complete"
"Jones","QB",19,"Complete"
"Jones","QB",20,"Complete"
"Jones","QB",21,"Complete"
"Jones","QB",22,"Complete"
"Jones","QB",23,"Complete"
"Jones","QB",24,"Complete"
"Jones","QB",25,"Complete"
"Jones","QB",26,"Complete"
"Jones","QB",27,"Incomplete"
"Jones","QB",28,"Complete"
"Jones","QB",29,"Complete"
"Jones","QB",30,"Complete"
"Jones","QB",31,"Complete"
"Jones","QB",32,"Incomplete"
"Jones","QB",33,"Complete"
"Jones","QB",34,"Complete"
"Jones","QB",35,"Complete"
"Jones","QB",36,"Complete"
"Jones","QB",37,"Incomplete"
"Jones","QB",38,"Complete"
"Jones","QB",39,"Incomplete"
"Jones","QB",40,"Incomplete"
"Jones","QB",41,"Incomplete"
"Jones","QB",42,"Complete"
"Jones","QB",43,"Complete"
"Jones","QB",44,"Complete"
"Jones","QB",45,"Complete"
"Jones","QB",46,"Complete"
"Jones","QB",47,"Complete"
"Jones","QB",48,"Incomplete"
"Jones","QB",49,"Complete"
"Jones","QB",50,"Incomplete"
"Jones","QB",51,"Complete"
"Jones","QB",52,"Incomplete"
"Jones","QB",53,"Complete"
"Jones","QB",54,"Incomplete"
"Jones","QB",55,"Complete"
"Jones","QB",56,"Complete"
"Jones","QB",57,"Complete"
"Jones","QB",58,"Complete"
"Jones","QB",59,"Incomplete"
"Jones","QB",60,"Complete"
"Jones","QB",61,"Incomplete"
"Jones","QB",62,"Complete"
"Jones","QB",63,"Complete"
"Jones","QB",64,"Complete"
"Jones","QB",65,"Incomplete"
"Jones","QB",66,"Complete"
"Jones","QB",67,"Incomplete"
"Jones","QB",68,"Incomplete"
"Jones","QB",69,"Incomplete"
"Jones","QB",70,"Complete"
"Jones","QB",71,"Incomplete"
"Jones","QB",72,"Complete"
"Jones","QB",73,"Complete"
"Jones","QB",74,"Complete"
"Jones","QB",75,"Incomplete"
"Jones","QB",76,"Complete"
"Jones","QB",77,"Incomplete"
"Jones","QB",78,"Complete"
"Jones","QB",79,"Incomplete"
"Jones","QB",80,"Complete"
"Jones","QB",81,"Complete"
"Jones","QB",82,"Complete"
"Jones","QB",83,"Incomplete"
"Jones","QB",84,"Complete"
"Jones","QB",85,"Complete"
"Jones","QB",86,"Incomplete"
"Jones","QB",87,"Complete"
"Jones","QB",88,"Complete"
"Jones","QB",89,"Incomplete"
"Jones","QB",90,"Complete"
"Jones","QB",91,"Incomplete"
"Jones","QB",92,"Incomplete"
"Jones","QB",93,"Incomplete"
"Jones","QB",94,"Complete"
"Jones","QB",95,"Incomplete"
"Jones","QB",96,"Complete"
"Jones","QB",97,"Complete"
"Jones","QB",98,"Incomplete"
"Jones","QB",99,"Incomplete"
"Jones","QB",100,"Incomplete"
"Jones","QB",101,"Complete"
"Jones","QB",102,"Complete"
"Jones","QB",103,"Complete"
"Jones","QB",104,"Incomplete"
"Jones","QB",105,"Incomplete"
"Jones","QB",106,"Complete"
"Jones","QB",107,"Complete"
"Jones","QB",108,"Complete"
"Jones","QB",109,"Incomplete"
"Jones","QB",110,"Incomplete"
"Jones","QB",111,"Complete"
"Jones","QB",112,"Complete"
"Jones","QB",113,"Incomplete"
"Jones","QB",114,"Incomplete"
"Jones","QB",115,"Complete"
"Jones","QB",116,"Complete"
"Jones","QB",117,"Complete"
"Jones","QB",118,"Incomplete"
"Jones","QB",119,"Complete"
"Jones","QB",120,"Incomplete"
"Jones","QB",121,"Incomplete"
"Jones","QB",122,"Complete"
"Jones","QB",123,"Complete"
"Jones","QB",124,"Incomplete"
"Jones","QB",125,"Incomplete"
"Jones","QB",126,"Incomplete"
"Jones","QB",127,"Complete"
"Jones","QB",128,"Incomplete"
"Jones","QB",129,"Incomplete"
"Jones","QB",130,"Incomplete"
"Jones","QB",131,"Complete"
"Jones","QB",132,"Incomplete"
"Jones","QB",133,"Complete"
"Jones","QB",134,"Incomplete"
"Jones","QB",135,"Incomplete"
"Jones","QB",136,"Complete"
"Jones","QB",137,"Complete"
"Jones","QB",138,"Complete"
"Jones","QB",139,"Incomplete"
"Jones","QB",140,"Complete"
"Jones","QB",141,"Incomplete"
"Jones","QB",142,"Complete"
"Jones","QB",143,"Complete"
"Jones","QB",144,"Incomplete"
"Jones","QB",145,"Complete"
"Jones","QB",146,"Complete"
"Jones","QB",147,"Complete"
"Jones","QB",148,"Incomplete"
"Jones","QB",149,"Complete"
"Jones","QB",150,"Incomplete"
"Jones","QB",151,"Incomplete"
"Jones","QB",152,"Incomplete"
"Jones","QB",153,"Complete"
"Jones","QB",154,"Complete"
"Jones","QB",155,"Complete"
"Jones","QB",156,"Complete"
"Jones","QB",157,"Complete"
"Jones","QB",158,"Incomplete"
"Jones","QB",159,"Incomplete"
"Jones","QB",160,"Incomplete"
"Jones","QB",161,"Incomplete"
"Jones","QB",162,"Complete"
"Jones","QB",163,"Incomplete"
"Jones","QB",164,"Incomplete"
"Jones","QB",165,"Incomplete"
"Jones","QB",166,"Complete"
"Jones","QB",167,"Complete"
"Jones","QB",168,"Incomplete"
"Jones","QB",169,"Complete"
"Jones","QB",170,"Incomplete"
"Jones","QB",171,"Complete"
"Jones","QB",172,"Complete"
"Jones","QB",173,"Incomplete"
"Jones","QB",174,"Incomplete"
"Jones","QB",175,"Complete"
"Jones","QB",176,"Complete"
"Jones","QB",177,"Complete"
"Jones","QB",178,"Incomplete"
"Jones","QB",179,"Complete"
"Jones","QB",180,"Incomplete"
"Jones","QB",181,"Complete"
"Jones","QB",182,"Complete"
"Jones","QB",183,"Incomplete"
"Jones","QB",184,"Complete"
"Jones","QB",185,"Complete"
"Jones","QB",186,"Complete"
"Jones","QB",187,"Complete"
"Jones","QB",188,"Complete"
"Jones","QB",189,"Incomplete"
"Jones","QB",190,"Complete"
"Jones","QB",191,"Complete"
"Jones","QB",192,"Complete"
"Jones","QB",193,"Complete"
"Jones","QB",194,"Incomplete"
"Jones","QB",195,"Complete"
"Jones","QB",196,"Incomplete"
"Jones","QB",197,"Complete"
"Jones","QB",198,"Incomplete"
"Jones","QB",199,"Incomplete"
"Jones","QB",200,"Complete"
"Jones","QB",201,"Complete"
"Jones","QB",202,"Complete"
"Jones","QB",203,"Complete"
"Jones","QB",204,"Incomplete"
"Jones","QB",205,"Complete"
"Jones","QB",206,"Complete"
"Jones","QB",207,"Complete"
"Jones","QB",208,"Complete"
"Jones","QB",209,"Complete"
"Jones","QB",210,"Incomplete"
"Jones","QB",211,"Complete"
"Jones","QB",212,"Complete"
"Jones","QB",213,"Incomplete"
"Jones","QB",214,"Incomplete"
"Jones","QB",215,"Incomplete"
"Jones","QB",216,"Incomplete"
"Jones","QB",217,"Incomplete"
"Jones","QB",218,"Complete"
"Jones","QB",219,"Complete"
"Jones","QB",220,"Complete"
"Jones","QB",221,"Incomplete"
"Jones","QB",222,"Complete"
"Jones","QB",223,"Complete"
"Jones","QB",224,"Complete"
"Jones","QB",225,"Incomplete"
"Jones","QB",226,"Complete"
"Jones","QB",227,"Complete"
"Jones","QB",228,"Incomplete"
"Jones","QB",229,"Complete"
"Jones","QB",230,"Complete"
"Jones","QB",231,"Incomplete"
"Jones","QB",232,"Complete"
"Jones","QB",233,"Complete"
"Jones","QB",234,"Complete"
"Jones","QB",235,"Complete"
"Jones","QB",236,"Incomplete"
"Jones","QB",237,"Incomplete"
"Jones","QB",238,"Complete"
"Jones","QB",239,"Complete"
"Jones","QB",240,"Complete"
"Jones","QB",241,"Incomplete"
"Jones","QB",242,"Incomplete"
"Jones","QB",243,"Incomplete"
"Jones","QB",244,"Incomplete"
"Jones","QB",245,"Complete"
"Jones","QB",246,"Complete"
"Jones","QB",247,"Complete"
"Jones","QB",248,"Complete"
"Jones","QB",249,"Complete"
"Jones","QB",250,"Complete"
"Jones","QB",251,"Complete"
"Jones","QB",252,"Complete"
"Jones","QB",253,"Complete"
"Jones","QB",254,"Incomplete"
"Jones","QB",255,"Complete"
"Jones","QB",256,"Incomplete"
"Jones","QB",257,"Complete"
"Jones","QB",258,"Complete"
"Jones","QB",259,"Incomplete"
"Jones","QB",260,"Complete"
"Jones","QB",261,"Complete"
"Jones","QB",262,"Complete"
"Jones","QB",263,"Complete"
"Jones","QB",264,"Incomplete"
"Jones","QB",265,"Incomplete"
"Jones","QB",266,"Complete"
"Jones","QB",267,"Complete"
"Jones","QB",268,"Complete"
"Jones","QB",269,"Complete"
"Jones","QB",270,"Complete"
"Jones","QB",271,"Incomplete"
"Jones","QB",272,"Incomplete"
"Jones","QB",273,"Incomplete"
"Jones","QB",274,"Complete"
"Jones","QB",275,"Incomplete"
"Jones","QB",276,"Complete"
"Jones","QB",277,"Complete"
"Jones","QB",278,"Complete"
"Jones","QB",279,"Incomplete"
"Jones","QB",280,"Incomplete"
